Month,Region,Main_Category,Sub_Category,Product_Line,Price_Tier,Units_Sold,Revenue_USD,Online_Sales_Percentage,Retail_Price,Year
January,Middle East & Africa,Footwear,Training,Pegasus,Premium,535,60141.8129576102,73.4688009789344,147.67389739097018,1990
February,Asia-Pacific,Footwear,Training,Jordan,Premium,590,146594.309173587,18.284473309667533,133.09035473581753,1990
March,Asia-Pacific,Accessories,Lifestyle,ZoomX,Mid,627,149940.0131642687,28.568717030382082,78.79699624296173,1990
April,Middle East & Africa,Footwear,Lifestyle,Air Max,Economy,510,119470.02107778708,59.377038243542145,194.29812551380397,1990
May,Asia-Pacific,Footwear,Basketball,React,Premium,357,43371.19197917198,43.94674104916568,127.83429434060434,1990
June,Latin America,Apparel,Lifestyle,Air Max,Mid,370,22856.540956641562,61.69996014883043,126.74077991274193,1990
July,North America,Accessories,Casual,Jordan,Mid,531,67173.40182693537,62.08676573129922,197.46223929391866,1990
August,Middle East & Africa,Footwear,Basketball,Pegasus,Mid,463,60605.139245314,12.65922599892881,93.3256175165361,1990
September,North America,Footwear,Casual,Jordan,Premium,665,120564.27557299202,50.762355730466226,97.37833865226611,1990
October,Europe,Footwear,Casual,ZoomX,Economy,438,76320.6146101007,45.283321780522144,98.06419105852106,1990
November,Asia-Pacific,Footwear,Basketball,Air Max,Premium,476,60652.315876716704,11.498092212789066,238.58999894400165,1990
December,Middle East & Africa,Footwear,Training,ZoomX,Economy,553,123358.41095759648,61.66891108526756,77.12155654826762,1990
January,Asia-Pacific,Footwear,Lifestyle,Air Max,Premium,491,80778.42776112977,13.40906306966641,171.95851545823126,1991
February,North America,Accessories,Running,Jordan,Premium,476,73387.49475617177,39.64234662237692,243.07659527176483,1991
March,Middle East & Africa,Footwear,Basketball,Air Max,Premium,370,67424.00087195789,60.758519673520944,203.8934549268928,1991
April,Asia-Pacific,Accessories,Casual,Jordan,Mid,516,39910.6212344908,64.20785686307539,61.8053421640846,1991
May,Middle East & Africa,Apparel,Running,Jordan,Economy,407,101578.93866698847,70.67107171975081,170.23099061804635,1991
June,North America,Apparel,Running,Jordan,Mid,641,147739.28231783424,33.656727648399425,51.843918842180535,1991
July,Middle East & Africa,Accessories,Lifestyle,ZoomX,Economy,392,85481.56308082362,86.92254564888012,92.47552583309466,1991
August,Asia-Pacific,Accessories,Training,Jordan,Mid,595,114877.0720058784,62.60655094426631,87.60343071071557,1991
September,Middle East & Africa,Apparel,Basketball,ZoomX,Premium,665,162499.63993840525,63.23441420618814,234.3882083972489,1991
October,Europe,Accessories,Lifestyle,React,Mid,459,40692.11502971053,70.1777537411501,212.12975951121612,1991
November,Middle East & Africa,Accessories,Lifestyle,React,Mid,398,42991.36850734483,61.49981533333586,108.94063532331319,1991
December,Asia-Pacific,Footwear,Lifestyle,Pegasus,Mid,480,108523.99040329958,28.841329486807112,102.79871690810188,1991
January,Asia-Pacific,Apparel,Training,Pegasus,Economy,348,27582.4423346694,37.10173555749595,58.32622482069105,1992
February,Middle East & Africa,Footwear,Casual,Air Max,Economy,418,73072.75751715322,39.953184448288454,76.66343125621017,1992
March,Middle East & Africa,Accessories,Casual,React,Economy,372,60658.30981497614,55.28121465075435,93.58955934055487,1992
April,Asia-Pacific,Footwear,Running,Jordan,Economy,379,63845.71783902549,71.46480329895384,246.0317551403876,1992
May,Middle East & Africa,Apparel,Training,Jordan,Mid,213,19710.01589648173,58.31902030658071,240.9123490696476,1992
June,Asia-Pacific,Accessories,Training,React,Mid,379,67798.23840235814,67.59702645523977,169.96682355231383,1992
July,Asia-Pacific,Accessories,Running,Jordan,Economy,347,81271.04630629408,54.19518086834387,166.00337707743012,1992
August,Middle East & Africa,Apparel,Running,ZoomX,Mid,939,47885.316038438265,54.48658109879706,122.77307766104025,1992
September,Europe,Apparel,Running,Jordan,Premium,838,149120.66965472512,63.68154419867415,127.51923891371509,1992
October,Latin America,Accessories,Lifestyle,Jordan,Economy,509,122242.47966116195,77.39333726305678,105.0216874779806,1992
November,Europe,Apparel,Lifestyle,ZoomX,Economy,508,119895.47757451852,80.77947078720177,150.39384412550663,1992
December,Asia-Pacific,Footwear,Training,Air Max,Mid,464,112642.2468106337,30.47749574973386,126.88984321927987,1992
January,Latin America,Footwear,Training,React,Economy,549,122347.36868540979,89.5689211273288,86.52228251522911,1993
February,Asia-Pacific,Accessories,Running,Pegasus,Premium,528,34206.83533202654,77.32761814403057,242.1748712042544,1993
March,Asia-Pacific,Apparel,Casual,React,Premium,580,39847.515706084836,54.260734972954396,189.10624970236648,1993
April,Europe,Accessories,Lifestyle,Jordan,Economy,539,112295.42307952199,75.280867345957,111.9100945998933,1993
May,Europe,Accessories,Lifestyle,Jordan,Premium,374,78019.36261578416,19.3023071107612,193.61130195640345,1993
June,North America,Accessories,Lifestyle,Pegasus,Economy,795,62387.18676181765,20.208734621159337,241.80804328944942,1993
July,Latin America,Apparel,Casual,Jordan,Mid,529,65908.20740379686,39.98892797214146,201.3793754217764,1993
August,North America,Footwear,Lifestyle,Air Max,Premium,526,67048.66576808352,14.176376767607861,145.73605084003498,1993
September,Latin America,Footwear,Running,React,Premium,763,47015.549398902986,14.787775178151081,124.12028063619654,1993
October,North America,Apparel,Training,React,Premium,424,45565.193869619994,66.38213832919607,124.98581027186577,1993
November,Asia-Pacific,Accessories,Lifestyle,ZoomX,Mid,408,76113.41281723925,76.06535334034916,193.17332161285174,1993
December,Europe,Apparel,Lifestyle,React,Mid,411,54614.243536117734,39.79613148030942,133.6103205926045,1993
January,Asia-Pacific,Footwear,Running,Jordan,Economy,426,81465.4576141875,33.28839244217399,99.01900146097842,1994
February,Asia-Pacific,Accessories,Lifestyle,Air Max,Premium,482,80788.6048914761,35.798300297564126,112.09564662345564,1994
March,North America,Apparel,Running,Jordan,Economy,731,58255.65470865265,69.29167876918062,100.0090952517258,1994
April,Middle East & Africa,Footwear,Casual,React,Premium,668,53141.11279888413,89.94141080772158,184.43108295647366,1994
May,North America,Apparel,Casual,Pegasus,Mid,732,64500.91474203804,89.04005082136817,167.7963400186807,1994
June,Middle East & Africa,Apparel,Basketball,Air Max,Premium,355,37650.72214042821,13.129246304317661,52.778026993253604,1994
July,Asia-Pacific,Apparel,Training,ZoomX,Premium,333,31820.93533250348,77.91236500445045,234.7378258801185,1994
August,Europe,Footwear,Basketball,Jordan,Economy,354,71374.19422215932,44.98706989302637,58.256382977703964,1994
September,North America,Apparel,Basketball,ZoomX,Premium,530,82464.98003968678,18.334245800640552,77.12332370860324,1994
October,Latin America,Accessories,Running,Pegasus,Mid,527,27523.90056016704,36.47623241206223,56.099877929576266,1994
November,North America,Apparel,Lifestyle,Air Max,Premium,323,65926.4025386642,65.64380675324234,122.14579689921723,1994
December,Europe,Footwear,Running,ZoomX,Economy,401,74209.66218868371,21.05837427645539,235.41470641084962,1994
January,Asia-Pacific,Accessories,Lifestyle,Jordan,Premium,538,72637.61221455291,74.91089788703967,233.78291939919924,1995
February,North America,Footwear,Lifestyle,React,Economy,393,97523.49552688061,31.588926169478874,202.48818173522076,1995
March,Europe,Apparel,Lifestyle,Jordan,Economy,638,140422.5480631351,61.33155976729762,216.64268363416068,1995
April,Europe,Apparel,Casual,Jordan,Premium,581,59897.98448116776,12.098447821503484,127.22680031456146,1995
May,Latin America,Apparel,Casual,Jordan,Economy,734,163277.91380220646,75.63428471675508,133.29154379902263,1995
June,Middle East & Africa,Apparel,Lifestyle,Jordan,Economy,476,104741.00852871306,36.45680943059692,83.20682913307755,1995
July,Middle East & Africa,Accessories,Running,React,Premium,575,117298.46247046565,52.26407721246029,170.15004524518886,1995
August,Middle East & Africa,Apparel,Casual,React,Premium,542,64106.589423148,64.58787411876159,75.80577936781367,1995
September,Europe,Footwear,Casual,Jordan,Premium,567,30783.043753350707,22.061720544888075,191.97628932173401,1995
October,Europe,Accessories,Lifestyle,Air Max,Economy,375,24068.059380994175,44.366593890572204,102.40601866622893,1995
November,Europe,Footwear,Lifestyle,React,Mid,354,80015.87604419356,21.609198740611248,81.11886520583123,1995
December,Europe,Accessories,Training,Air Max,Premium,525,116745.72170970505,45.10286833911367,249.93912187095208,1995
